interval_id,evidence_layer,experiment_code,split,metric,model_arm,comparator_arm,n_questions,effect,ci_lower,ci_upper,ci_level,bootstrap_unit,bootstrap_resamples,effect_excludes_zero,source_artifact
corrected_objective_ab:clip:s42::exact_full,corrected_chatml_v1_eos,corrected_objective_ab:clip,objective_4000_qids,exact_full,bridge_clip_w1seq_s42_v1_ep5,bridge_clip_w1_bf16_v1_ep5,4000,-2.275,-3.55,-1.05,95,question,10000,true,submit/eval/objective_ab_2291075_analysis.json
corrected_objective_ab:clip:s43::exact_full,corrected_chatml_v1_eos,corrected_objective_ab:clip,objective_4000_qids,exact_full,bridge_clip_w1seq_s43_v1_ep5,bridge_clip_w1_s43_v1_ep5,4000,-0.875,-2.125,0.375,95,question,10000,false,submit/eval/objective_ab_2291075_analysis.json
corrected_objective_ab:clip:s44::exact_full,corrected_chatml_v1_eos,corrected_objective_ab:clip,objective_4000_qids,exact_full,bridge_clip_w1seq_s44_v1_ep5,bridge_clip_w1_s44_v1_ep5,4000,-0.45,-1.7,0.775,95,question,10000,false,submit/eval/objective_ab_2291075_analysis.json
corrected_objective_ab:ijepa:s42::exact_full,corrected_chatml_v1_eos,corrected_objective_ab:ijepa,objective_4000_qids,exact_full,bridge_ijepa_w1seq_s42_v1_ep5,bridge_ijepa_w1_bf16_v1_ep5,4000,-0.375,-1.725625,0.975,95,question,10000,false,submit/eval/objective_ab_2291075_analysis.json
corrected_objective_ab:ijepa:s43::exact_full,corrected_chatml_v1_eos,corrected_objective_ab:ijepa,objective_4000_qids,exact_full,bridge_ijepa_w1seq_s43_v1_ep5,bridge_ijepa_w1_s43_v1_ep5,4000,-0.5,-1.825,0.8,95,question,10000,false,submit/eval/objective_ab_2291075_analysis.json
corrected_objective_ab:ijepa:s44::exact_full,corrected_chatml_v1_eos,corrected_objective_ab:ijepa,objective_4000_qids,exact_full,bridge_ijepa_w1seq_s44_v1_ep5,bridge_ijepa_w1_s44_v1_ep5,4000,1.975,0.475,3.4,95,question,10000,true,submit/eval/objective_ab_2291075_analysis.json
corrected_testdev:clip_dinov2_q_former32_clip_dinov2_mlp256::exact_full,corrected_chatml_v1_eos,corrected_testdev,testdev_12578_qids,exact_full,(CLIP−DINOv2 | Q-Former32) − (CLIP−DINOv2 | MLP256),paired within-question,12578,-1.3913,-2.4726,-0.326,95,question,10000,true,submit/eval/testdev_matrix_analysis.json
corrected_testdev:clip_dinov2_q_former32_clip_dinov2_mlp256::official,corrected_chatml_v1_eos,corrected_testdev,testdev_12578_qids,official,(CLIP−DINOv2 | Q-Former32) − (CLIP−DINOv2 | MLP256),paired within-question,12578,-1.3913,-2.4726,-0.326,95,question,10000,true,submit/eval/testdev_matrix_analysis.json
corrected_testdev:clip_i_jepa_q_former32_clip_i_jepa_mlp256::exact_full,corrected_chatml_v1_eos,corrected_testdev,testdev_12578_qids,exact_full,(CLIP−I-JEPA | Q-Former32) − (CLIP−I-JEPA | MLP256),paired within-question,12578,-3.7128,-4.8259,-2.5998,95,question,10000,true,submit/eval/testdev_matrix_analysis.json
corrected_testdev:clip_i_jepa_q_former32_clip_i_jepa_mlp256::official,corrected_chatml_v1_eos,corrected_testdev,testdev_12578_qids,official,(CLIP−I-JEPA | Q-Former32) − (CLIP−I-JEPA | MLP256),paired within-question,12578,-3.6731,-4.7861,-2.5521,95,question,10000,true,submit/eval/testdev_matrix_analysis.json
corrected_testdev:clip_mlp256_q_former32::exact_full,corrected_chatml_v1_eos,corrected_testdev,testdev_12578_qids,exact_full,CLIP: MLP256 − Q-Former32,paired within-question,12578,6.9884,6.0979,7.8788,95,question,10000,true,submit/eval/testdev_matrix_analysis.json
corrected_testdev:clip_mlp256_q_former32::official,corrected_chatml_v1_eos,corrected_testdev,testdev_12578_qids,official,CLIP: MLP256 − Q-Former32,paired within-question,12578,6.9725,6.082,7.8629,95,question,10000,true,submit/eval/testdev_matrix_analysis.json
corrected_testdev:clip_mlp256_text_only_floor::exact_full,corrected_chatml_v1_eos,corrected_testdev,testdev_12578_qids,exact_full,CLIP + MLP256 − text-only floor,paired within-question,12578,19.5898,18.588,20.5915,95,question,10000,true,submit/eval/testdev_matrix_analysis.json
corrected_testdev:clip_q_former32_text_only_floor::exact_full,corrected_chatml_v1_eos,corrected_testdev,testdev_12578_qids,exact_full,CLIP + Q-Former32 − text-only floor,paired within-question,12578,12.6014,11.6235,13.5713,95,question,10000,true,submit/eval/testdev_matrix_analysis.json
corrected_testdev:dinov2_i_jepa_q_former32_dinov2_i_jepa_mlp256::exact_full,corrected_chatml_v1_eos,corrected_testdev,testdev_12578_qids,exact_full,(DINOv2−I-JEPA | Q-Former32) − (DINOv2−I-JEPA | MLP256),paired within-question,12578,-2.3215,-3.4427,-1.2164,95,question,10000,true,submit/eval/testdev_matrix_analysis.json
corrected_testdev:dinov2_i_jepa_q_former32_dinov2_i_jepa_mlp256::official,corrected_chatml_v1_eos,corrected_testdev,testdev_12578_qids,official,(DINOv2−I-JEPA | Q-Former32) − (DINOv2−I-JEPA | MLP256),paired within-question,12578,-2.2818,-3.4028,-1.1846,95,question,10000,true,submit/eval/testdev_matrix_analysis.json
corrected_testdev:dinov2_mlp256_q_former32::exact_full,corrected_chatml_v1_eos,corrected_testdev,testdev_12578_qids,exact_full,DINOv2: MLP256 − Q-Former32,paired within-question,12578,5.5971,4.7144,6.4955,95,question,10000,true,submit/eval/testdev_matrix_analysis.json
corrected_testdev:dinov2_mlp256_q_former32::official,corrected_chatml_v1_eos,corrected_testdev,testdev_12578_qids,official,DINOv2: MLP256 − Q-Former32,paired within-question,12578,5.5812,4.6907,6.4718,95,question,10000,true,submit/eval/testdev_matrix_analysis.json
corrected_testdev:dinov2_mlp256_text_only_floor::exact_full,corrected_chatml_v1_eos,corrected_testdev,testdev_12578_qids,exact_full,DINOv2 + MLP256 − text-only floor,paired within-question,12578,18.1666,17.141,19.1684,95,question,10000,true,submit/eval/testdev_matrix_analysis.json
corrected_testdev:dinov2_q_former32_text_only_floor::exact_full,corrected_chatml_v1_eos,corrected_testdev,testdev_12578_qids,exact_full,DINOv2 + Q-Former32 − text-only floor,paired within-question,12578,12.5696,11.6076,13.5236,95,question,10000,true,submit/eval/testdev_matrix_analysis.json
corrected_testdev:i_jepa_mlp256_q_former32::exact_full,corrected_chatml_v1_eos,corrected_testdev,testdev_12578_qids,exact_full,I-JEPA: MLP256 − Q-Former32,paired within-question,12578,3.2756,2.4169,4.1183,95,question,10000,true,submit/eval/testdev_matrix_analysis.json
corrected_testdev:i_jepa_mlp256_q_former32::official,corrected_chatml_v1_eos,corrected_testdev,testdev_12578_qids,official,I-JEPA: MLP256 − Q-Former32,paired within-question,12578,3.2994,2.4408,4.1501,95,question,10000,true,submit/eval/testdev_matrix_analysis.json
corrected_testdev:i_jepa_mlp256_text_only_floor::exact_full,corrected_chatml_v1_eos,corrected_testdev,testdev_12578_qids,exact_full,I-JEPA + MLP256 − text-only floor,paired within-question,12578,14.2471,13.2612,15.2409,95,question,10000,true,submit/eval/testdev_matrix_analysis.json
corrected_testdev:i_jepa_q_former32_text_only_floor::exact_full,corrected_chatml_v1_eos,corrected_testdev,testdev_12578_qids,exact_full,I-JEPA + Q-Former32 − text-only floor,paired within-question,12578,10.9715,10.0175,11.9017,95,question,10000,true,submit/eval/testdev_matrix_analysis.json
corrected_testdev:mlp256_clip_dinov2::exact_full,corrected_chatml_v1_eos,corrected_testdev,testdev_12578_qids,exact_full,MLP256: CLIP − DINOv2,paired within-question,12578,1.4231,0.6519,2.2102,95,question,10000,true,submit/eval/testdev_matrix_analysis.json
corrected_testdev:mlp256_clip_dinov2::official,corrected_chatml_v1_eos,corrected_testdev,testdev_12578_qids,official,MLP256: CLIP − DINOv2,paired within-question,12578,1.4072,0.6358,2.1864,95,question,10000,true,submit/eval/testdev_matrix_analysis.json
corrected_testdev:mlp256_clip_i_jepa::exact_full,corrected_chatml_v1_eos,corrected_testdev,testdev_12578_qids,exact_full,MLP256: CLIP − I-JEPA,paired within-question,12578,5.3427,4.5317,6.1538,95,question,10000,true,submit/eval/testdev_matrix_analysis.json
corrected_testdev:mlp256_clip_i_jepa::official,corrected_chatml_v1_eos,corrected_testdev,testdev_12578_qids,official,MLP256: CLIP − I-JEPA,paired within-question,12578,5.3109,4.4999,6.1218,95,question,10000,true,submit/eval/testdev_matrix_analysis.json
corrected_testdev:mlp256_dinov2_i_jepa::exact_full,corrected_chatml_v1_eos,corrected_testdev,testdev_12578_qids,exact_full,MLP256: DINOv2 − I-JEPA,paired within-question,12578,3.9195,3.1166,4.7464,95,question,10000,true,submit/eval/testdev_matrix_analysis.json
corrected_testdev:mlp256_dinov2_i_jepa::official,corrected_chatml_v1_eos,corrected_testdev,testdev_12578_qids,official,MLP256: DINOv2 − I-JEPA,paired within-question,12578,3.9036,3.1007,4.7305,95,question,10000,true,submit/eval/testdev_matrix_analysis.json
corrected_testdev:q_former32_clip_dinov2::exact_full,corrected_chatml_v1_eos,corrected_testdev,testdev_12578_qids,exact_full,Q-Former32: CLIP − DINOv2,paired within-question,12578,0.0318,-0.7235,0.7473,95,question,10000,false,submit/eval/testdev_matrix_analysis.json
corrected_testdev:q_former32_clip_dinov2::official,corrected_chatml_v1_eos,corrected_testdev,testdev_12578_qids,official,Q-Former32: CLIP − DINOv2,paired within-question,12578,0.0159,-0.7394,0.7314,95,question,10000,false,submit/eval/testdev_matrix_analysis.json
corrected_testdev:q_former32_clip_i_jepa::exact_full,corrected_chatml_v1_eos,corrected_testdev,testdev_12578_qids,exact_full,Q-Former32: CLIP − I-JEPA,paired within-question,12578,1.6298,0.8507,2.4249,95,question,10000,true,submit/eval/testdev_matrix_analysis.json
corrected_testdev:q_former32_clip_i_jepa::official,corrected_chatml_v1_eos,corrected_testdev,testdev_12578_qids,official,Q-Former32: CLIP − I-JEPA,paired within-question,12578,1.6378,0.8507,2.4249,95,question,10000,true,submit/eval/testdev_matrix_analysis.json
corrected_testdev:q_former32_dinov2_i_jepa::exact_full,corrected_chatml_v1_eos,corrected_testdev,testdev_12578_qids,exact_full,Q-Former32: DINOv2 − I-JEPA,paired within-question,12578,1.598,0.8268,2.3692,95,question,10000,true,submit/eval/testdev_matrix_analysis.json
corrected_testdev:q_former32_dinov2_i_jepa::official,corrected_chatml_v1_eos,corrected_testdev,testdev_12578_qids,official,Q-Former32: DINOv2 − I-JEPA,paired within-question,12578,1.6219,0.8507,2.401,95,question,10000,true,submit/eval/testdev_matrix_analysis.json
crop_stage_a:clip:global_plus_relevant_crop - global_only [core]::exact_full,corrected_chatml_v1_eos,crop_stage_a:clip,core,exact_full,global_plus_relevant_crop,global_only,300,0,-4,4,95,question,10000,false,outputs/crop_augment/stage_a_2291920/crop_analysis.json
crop_stage_a:clip:global_plus_relevant_crop - global_only [core]::exact_full::clustered,corrected_chatml_v1_eos,crop_stage_a:clip,core,exact_full,global_plus_relevant_crop,global_only,300,0,-4.290429,4.026846,95,image_clustered,10000,false,outputs/crop_augment/stage_a_2291920/crop_analysis.json
crop_stage_a:clip:global_plus_relevant_crop - global_plus_irrelevant_crop [irrelevant_subset]::exact_full,corrected_chatml_v1_eos,crop_stage_a:clip,irrelevant_subset,exact_full,global_plus_relevant_crop,global_plus_irrelevant_crop,99,-1.010101,-9.090909,8.080808,95,question,10000,false,outputs/crop_augment/stage_a_2291920/crop_analysis.json
crop_stage_a:clip:global_plus_relevant_crop - global_plus_irrelevant_crop [irrelevant_subset]::exact_full::clustered,corrected_chatml_v1_eos,crop_stage_a:clip,irrelevant_subset,exact_full,global_plus_relevant_crop,global_plus_irrelevant_crop,99,-1.010101,-9.183673,7.142857,95,image_clustered,10000,false,outputs/crop_augment/stage_a_2291920/crop_analysis.json
crop_stage_a:clip:global_plus_relevant_crop - global_plus_wrong_crop [core]::exact_full,corrected_chatml_v1_eos,crop_stage_a:clip,core,exact_full,global_plus_relevant_crop,global_plus_wrong_crop,300,7,2,12,95,question,10000,true,outputs/crop_augment/stage_a_2291920/crop_analysis.json
crop_stage_a:clip:global_plus_relevant_crop - global_plus_wrong_crop [core]::exact_full::clustered,corrected_chatml_v1_eos,crop_stage_a:clip,core,exact_full,global_plus_relevant_crop,global_plus_wrong_crop,300,7,2.020202,12,95,image_clustered,10000,true,outputs/crop_augment/stage_a_2291920/crop_analysis.json
crop_stage_a:clip:global_plus_relevant_crop - global_plus_wrong_crop [scale_matched]::exact_full,corrected_chatml_v1_eos,crop_stage_a:clip,scale_matched,exact_full,global_plus_relevant_crop,global_plus_wrong_crop,134,7.462687,0,14.925373,95,question,10000,false,outputs/crop_augment/stage_a_2291920/crop_analysis.json
crop_stage_a:clip:global_plus_relevant_crop - global_plus_wrong_crop [scale_matched]::exact_full::clustered,corrected_chatml_v1_eos,crop_stage_a:clip,scale_matched,exact_full,global_plus_relevant_crop,global_plus_wrong_crop,134,7.462687,0,14.925373,95,image_clustered,10000,false,outputs/crop_augment/stage_a_2291920/crop_analysis.json
crop_stage_a:clip:relevant_crop_only - global_only [core]::exact_full,corrected_chatml_v1_eos,crop_stage_a:clip,core,exact_full,relevant_crop_only,global_only,300,0.333333,-4.666667,5.333333,95,question,10000,false,outputs/crop_augment/stage_a_2291920/crop_analysis.json
crop_stage_a:clip:relevant_crop_only - global_only [core]::exact_full::clustered,corrected_chatml_v1_eos,crop_stage_a:clip,core,exact_full,relevant_crop_only,global_only,300,0.333333,-4.950905,5.387205,95,image_clustered,10000,false,outputs/crop_augment/stage_a_2291920/crop_analysis.json
crop_stage_a:ijepa:global_plus_relevant_crop - global_only [core]::exact_full,corrected_chatml_v1_eos,crop_stage_a:ijepa,core,exact_full,global_plus_relevant_crop,global_only,300,3,-1.333333,7.666667,95,question,10000,false,outputs/crop_augment/stage_a_2291920/crop_analysis.json
crop_stage_a:ijepa:global_plus_relevant_crop - global_only [core]::exact_full::clustered,corrected_chatml_v1_eos,crop_stage_a:ijepa,core,exact_full,global_plus_relevant_crop,global_only,300,3,-1.644737,7.432432,95,image_clustered,10000,false,outputs/crop_augment/stage_a_2291920/crop_analysis.json
crop_stage_a:ijepa:global_plus_relevant_crop - global_plus_irrelevant_crop [irrelevant_subset]::exact_full,corrected_chatml_v1_eos,crop_stage_a:ijepa,irrelevant_subset,exact_full,global_plus_relevant_crop,global_plus_irrelevant_crop,99,5.050505,-5.050505,15.151515,95,question,10000,false,outputs/crop_augment/stage_a_2291920/crop_analysis.json
crop_stage_a:ijepa:global_plus_relevant_crop - global_plus_irrelevant_crop [irrelevant_subset]::exact_full::clustered,corrected_chatml_v1_eos,crop_stage_a:ijepa,irrelevant_subset,exact_full,global_plus_relevant_crop,global_plus_irrelevant_crop,99,5.050505,-5.050505,15.151515,95,image_clustered,10000,false,outputs/crop_augment/stage_a_2291920/crop_analysis.json
crop_stage_a:ijepa:global_plus_relevant_crop - global_plus_wrong_crop [core]::exact_full,corrected_chatml_v1_eos,crop_stage_a:ijepa,core,exact_full,global_plus_relevant_crop,global_plus_wrong_crop,300,5,-0.333333,10.333333,95,question,10000,false,outputs/crop_augment/stage_a_2291920/crop_analysis.json
crop_stage_a:ijepa:global_plus_relevant_crop - global_plus_wrong_crop [core]::exact_full::clustered,corrected_chatml_v1_eos,crop_stage_a:ijepa,core,exact_full,global_plus_relevant_crop,global_plus_wrong_crop,300,5,-0.334448,10.367893,95,image_clustered,10000,false,outputs/crop_augment/stage_a_2291920/crop_analysis.json
crop_stage_a:ijepa:global_plus_relevant_crop - global_plus_wrong_crop [scale_matched]::exact_full,corrected_chatml_v1_eos,crop_stage_a:ijepa,scale_matched,exact_full,global_plus_relevant_crop,global_plus_wrong_crop,134,4.477612,-3.731343,12.686567,95,question,10000,false,outputs/crop_augment/stage_a_2291920/crop_analysis.json
crop_stage_a:ijepa:global_plus_relevant_crop - global_plus_wrong_crop [scale_matched]::exact_full::clustered,corrected_chatml_v1_eos,crop_stage_a:ijepa,scale_matched,exact_full,global_plus_relevant_crop,global_plus_wrong_crop,134,4.477612,-3.759398,13.235294,95,image_clustered,10000,false,outputs/crop_augment/stage_a_2291920/crop_analysis.json
crop_stage_a:ijepa:relevant_crop_only - global_only [core]::exact_full,corrected_chatml_v1_eos,crop_stage_a:ijepa,core,exact_full,relevant_crop_only,global_only,300,-0.666667,-5.666667,4.666667,95,question,10000,false,outputs/crop_augment/stage_a_2291920/crop_analysis.json
crop_stage_a:ijepa:relevant_crop_only - global_only [core]::exact_full::clustered,corrected_chatml_v1_eos,crop_stage_a:ijepa,core,exact_full,relevant_crop_only,global_only,300,-0.666667,-6.020067,4.636147,95,image_clustered,10000,false,outputs/crop_augment/stage_a_2291920/crop_analysis.json
crop_stage_b:adapter_correct_crop - adapter_irrelevant_crop [irrelevant_subset]::exact_full,corrected_chatml_v1_eos,crop_stage_b,irrelevant_subset,exact_full,adapter_correct_crop,adapter_irrelevant_crop,99,4.040404,0,9.090909,95,question,10000,false,submit/analysis/crop_adapter_2292438_analysis.json
crop_stage_b:adapter_correct_crop - adapter_irrelevant_crop [irrelevant_subset]::exact_full::clustered,corrected_chatml_v1_eos,crop_stage_b,irrelevant_subset,exact_full,adapter_correct_crop,adapter_irrelevant_crop,99,4.040404,0,9.090909,95,image_clustered,10000,false,submit/analysis/crop_adapter_2292438_analysis.json
crop_stage_b:adapter_correct_crop - adapter_null_visual [core]::exact_full,corrected_chatml_v1_eos,crop_stage_b,core,exact_full,adapter_correct_crop,adapter_null_visual,300,1.333333,-1.666667,4.333333,95,question,10000,false,submit/analysis/crop_adapter_2292438_analysis.json
crop_stage_b:adapter_correct_crop - adapter_null_visual [core]::exact_full::clustered,corrected_chatml_v1_eos,crop_stage_b,core,exact_full,adapter_correct_crop,adapter_null_visual,300,1.333333,-1.655629,4.290784,95,image_clustered,10000,false,submit/analysis/crop_adapter_2292438_analysis.json
crop_stage_b:adapter_correct_crop - adapter_wrong_crop [core]::exact_full,corrected_chatml_v1_eos,crop_stage_b,core,exact_full,adapter_correct_crop,adapter_wrong_crop,300,-1.333333,-3.666667,1,95,question,10000,false,submit/analysis/crop_adapter_2292438_analysis.json
crop_stage_b:adapter_correct_crop - adapter_wrong_crop [core]::exact_full::clustered,corrected_chatml_v1_eos,crop_stage_b,core,exact_full,adapter_correct_crop,adapter_wrong_crop,300,-1.333333,-3.703704,1.006711,95,image_clustered,10000,false,submit/analysis/crop_adapter_2292438_analysis.json
crop_stage_b:adapter_correct_crop - adapter_wrong_crop [scale_matched]::exact_full,corrected_chatml_v1_eos,crop_stage_b,scale_matched,exact_full,adapter_correct_crop,adapter_wrong_crop,134,1.492537,-2.238806,5.223881,95,question,10000,false,submit/analysis/crop_adapter_2292438_analysis.json
crop_stage_b:adapter_correct_crop - adapter_wrong_crop [scale_matched]::exact_full::clustered,corrected_chatml_v1_eos,crop_stage_b,scale_matched,exact_full,adapter_correct_crop,adapter_wrong_crop,134,1.492537,-2.222222,5.223881,95,image_clustered,10000,false,submit/analysis/crop_adapter_2292438_analysis.json
crop_stage_b:adapter_correct_crop - adapter_zero_gate [core]::exact_full,corrected_chatml_v1_eos,crop_stage_b,core,exact_full,adapter_correct_crop,adapter_zero_gate,300,10,4.666667,15.666667,95,question,10000,true,submit/analysis/crop_adapter_2292438_analysis.json
crop_stage_b:adapter_correct_crop - adapter_zero_gate [core]::exact_full::clustered,corrected_chatml_v1_eos,crop_stage_b,core,exact_full,adapter_correct_crop,adapter_zero_gate,300,10,4.40678,15.488215,95,image_clustered,10000,true,submit/analysis/crop_adapter_2292438_analysis.json
crop_stage_b:adapter_correct_crop - baseline_frozen [core]::exact_full,corrected_chatml_v1_eos,crop_stage_b,core,exact_full,adapter_correct_crop,baseline_frozen,300,6.666667,1.333333,12.333333,95,question,10000,true,submit/analysis/crop_adapter_2292438_analysis.json
crop_stage_b:adapter_correct_crop - baseline_frozen [core]::exact_full::clustered,corrected_chatml_v1_eos,crop_stage_b,core,exact_full,adapter_correct_crop,baseline_frozen,300,6.666667,1.320132,12.121212,95,image_clustered,10000,true,submit/analysis/crop_adapter_2292438_analysis.json
crop_stage_b:adapter_wrong_crop - baseline_frozen [core]::exact_full,corrected_chatml_v1_eos,crop_stage_b,core,exact_full,adapter_wrong_crop,baseline_frozen,300,8,2.333333,13.666667,95,question,10000,true,submit/analysis/crop_adapter_2292438_analysis.json
crop_stage_b:adapter_wrong_crop - baseline_frozen [core]::exact_full::clustered,corrected_chatml_v1_eos,crop_stage_b,core,exact_full,adapter_wrong_crop,baseline_frozen,300,8,2.605652,13.559322,95,image_clustered,10000,true,submit/analysis/crop_adapter_2292438_analysis.json
crop_stage_b:no_adapter_span - baseline_frozen [core]::exact_full,corrected_chatml_v1_eos,crop_stage_b,core,exact_full,no_adapter_span,baseline_frozen,300,0,0,0,95,question,10000,false,submit/analysis/crop_adapter_2292438_analysis.json
crop_stage_b:no_adapter_span - baseline_frozen [core]::exact_full::clustered,corrected_chatml_v1_eos,crop_stage_b,core,exact_full,no_adapter_span,baseline_frozen,300,0,0,0,95,image_clustered,10000,false,submit/analysis/crop_adapter_2292438_analysis.json
graph_trust_owlv2:objects_filtered-pred::exact_full,corrected_chatml_v1_eos,graph_trust_owlv2:secondary,tune_500_qids,exact_full,objects_filtered,pred,500,0,-2.4,2.4,95,question,10000,false,outputs/eval/graph_trust_2290580/graph_trust_analysis.json
graph_trust_owlv2:objects_only-pred::exact_full,corrected_chatml_v1_eos,graph_trust_owlv2:secondary,tune_500_qids,exact_full,objects_only,pred,500,-1.8,-4.4,0.6,95,question,10000,false,outputs/eval/graph_trust_2290580/graph_trust_analysis.json
graph_trust_owlv2:pred-no_graph::exact_full,corrected_chatml_v1_eos,graph_trust_owlv2:improvement,tune_500_qids,exact_full,pred,no_graph,500,2,-1.2,5.2,95,question,10000,false,outputs/eval/graph_trust_2290580/graph_trust_analysis.json
graph_trust_owlv2:pred-wrong_image::exact_full,corrected_chatml_v1_eos,graph_trust_owlv2:primary,tune_500_qids,exact_full,pred,wrong_image,500,0,-3,3,95,question,10000,false,outputs/eval/graph_trust_2290580/graph_trust_analysis.json
graph_trust_owlv2:pred_q-pred::exact_full,corrected_chatml_v1_eos,graph_trust_owlv2:secondary,tune_500_qids,exact_full,pred_q,pred,500,0.2,-3,3.4,95,question,10000,false,outputs/eval/graph_trust_2290580/graph_trust_analysis.json
graph_trust_owlv2:relations_shuffled-pred::exact_full,corrected_chatml_v1_eos,graph_trust_owlv2:secondary,tune_500_qids,exact_full,relations_shuffled,pred,500,-0.4,-2.4,1.6,95,question,10000,false,outputs/eval/graph_trust_2290580/graph_trust_analysis.json
legacy_locked2000:bridge_clip_150k_3ep::exact,legacy_raw_prompt_no_eos,legacy_locked2000:bridge_clip_150k_3ep,eval_2000_qids,exact,bridge (vision),text-only floor,2000,-2.1,-4.3,-0.1,95,question,10000,true,outputs/eval/results_ci.csv
legacy_locked2000:bridge_clip_150k_3ep::vqa_soft,legacy_raw_prompt_no_eos,legacy_locked2000:bridge_clip_150k_3ep,eval_2000_qids,vqa_soft,bridge (vision),text-only floor,2000,15.7,13.0,18.3,95,question,10000,true,outputs/eval/results_ci.csv
legacy_locked2000:bridge_clip_150k_3ep_cot::exact,legacy_raw_prompt_no_eos,legacy_locked2000:bridge_clip_150k_3ep_cot,eval_2000_qids,exact,bridge + cot,bridge (baseline),2000,19.5,17.4,21.7,95,question,10000,true,outputs/eval/results_ci.csv
legacy_locked2000:bridge_clip_150k_3ep_cot::vqa_soft,legacy_raw_prompt_no_eos,legacy_locked2000:bridge_clip_150k_3ep_cot,eval_2000_qids,vqa_soft,bridge + cot,bridge (baseline),2000,-3.5,-5.6,-1.4,95,question,10000,true,outputs/eval/results_ci.csv
legacy_locked2000:bridge_clip_150k_3ep_scene_graph::exact,legacy_raw_prompt_no_eos,legacy_locked2000:bridge_clip_150k_3ep_scene_graph,eval_2000_qids,exact,bridge + scene_graph,bridge (baseline),2000,43.8,41.4,46.2,95,question,10000,true,outputs/eval/results_ci.csv
legacy_locked2000:bridge_clip_150k_3ep_scene_graph::vqa_soft,legacy_raw_prompt_no_eos,legacy_locked2000:bridge_clip_150k_3ep_scene_graph,eval_2000_qids,vqa_soft,bridge + scene_graph,bridge (baseline),2000,26.2,23.8,28.8,95,question,10000,true,outputs/eval/results_ci.csv
legacy_locked2000:bridge_clip_150k_cosine_ep1::exact,legacy_raw_prompt_no_eos,legacy_locked2000:bridge_clip_150k_cosine_ep1,eval_2000_qids,exact,bridge (vision),text-only floor,2000,-14.2,-16.1,-12.2,95,question,10000,true,outputs/eval/results_ci.csv
legacy_locked2000:bridge_clip_150k_cosine_ep1::vqa_soft,legacy_raw_prompt_no_eos,legacy_locked2000:bridge_clip_150k_cosine_ep1,eval_2000_qids,vqa_soft,bridge (vision),text-only floor,2000,12.2,9.6,14.8,95,question,10000,true,outputs/eval/results_ci.csv
legacy_locked2000:bridge_clip_150k_cosine_ep2::exact,legacy_raw_prompt_no_eos,legacy_locked2000:bridge_clip_150k_cosine_ep2,eval_2000_qids,exact,bridge (vision),text-only floor,2000,-12.1,-14.0,-10.2,95,question,10000,true,outputs/eval/results_ci.csv
legacy_locked2000:bridge_clip_150k_cosine_ep2::vqa_soft,legacy_raw_prompt_no_eos,legacy_locked2000:bridge_clip_150k_cosine_ep2,eval_2000_qids,vqa_soft,bridge (vision),text-only floor,2000,16.0,13.4,18.6,95,question,10000,true,outputs/eval/results_ci.csv
legacy_locked2000:bridge_clip_150k_cosine_ep3::exact,legacy_raw_prompt_no_eos,legacy_locked2000:bridge_clip_150k_cosine_ep3,eval_2000_qids,exact,bridge (vision),text-only floor,2000,-9.1,-11.0,-7.0,95,question,10000,true,outputs/eval/results_ci.csv
legacy_locked2000:bridge_clip_150k_cosine_ep3::vqa_soft,legacy_raw_prompt_no_eos,legacy_locked2000:bridge_clip_150k_cosine_ep3,eval_2000_qids,vqa_soft,bridge (vision),text-only floor,2000,16.8,14.2,19.5,95,question,10000,true,outputs/eval/results_ci.csv
legacy_locked2000:bridge_clip_150k_mlp_ep1::exact,legacy_raw_prompt_no_eos,legacy_locked2000:bridge_clip_150k_mlp_ep1,eval_2000_qids,exact,bridge (vision),text-only floor,2000,-7.8,-9.9,-5.8,95,question,10000,true,outputs/eval/results_ci.csv
legacy_locked2000:bridge_clip_150k_mlp_ep1::vqa_soft,legacy_raw_prompt_no_eos,legacy_locked2000:bridge_clip_150k_mlp_ep1,eval_2000_qids,vqa_soft,bridge (vision),text-only floor,2000,14.5,11.8,17.3,95,question,10000,true,outputs/eval/results_ci.csv
legacy_locked2000:bridge_clip_150k_mlp_ep2::exact,legacy_raw_prompt_no_eos,legacy_locked2000:bridge_clip_150k_mlp_ep2,eval_2000_qids,exact,bridge (vision),text-only floor,2000,-18.6,-20.4,-16.8,95,question,10000,true,outputs/eval/results_ci.csv
legacy_locked2000:bridge_clip_150k_mlp_ep2::vqa_soft,legacy_raw_prompt_no_eos,legacy_locked2000:bridge_clip_150k_mlp_ep2,eval_2000_qids,vqa_soft,bridge (vision),text-only floor,2000,16.4,13.8,19.1,95,question,10000,true,outputs/eval/results_ci.csv
legacy_locked2000:bridge_clip_150k_mlp_ep3::exact,legacy_raw_prompt_no_eos,legacy_locked2000:bridge_clip_150k_mlp_ep3,eval_2000_qids,exact,bridge (vision),text-only floor,2000,-18.7,-20.5,-17.0,95,question,10000,true,outputs/eval/results_ci.csv
legacy_locked2000:bridge_clip_150k_mlp_ep3::vqa_soft,legacy_raw_prompt_no_eos,legacy_locked2000:bridge_clip_150k_mlp_ep3,eval_2000_qids,vqa_soft,bridge (vision),text-only floor,2000,24.8,22.1,27.5,95,question,10000,true,outputs/eval/results_ci.csv
legacy_locked2000:bridge_clip_150k_mlp_ep3_cot::exact,legacy_raw_prompt_no_eos,legacy_locked2000:bridge_clip_150k_mlp_ep3_cot,eval_2000_qids,exact,bridge + cot,bridge (baseline),2000,22.5,20.7,24.4,95,question,10000,true,outputs/eval/results_ci.csv
legacy_locked2000:bridge_clip_150k_mlp_ep3_cot::vqa_soft,legacy_raw_prompt_no_eos,legacy_locked2000:bridge_clip_150k_mlp_ep3_cot,eval_2000_qids,vqa_soft,bridge + cot,bridge (baseline),2000,-8.8,-10.7,-6.8,95,question,10000,true,outputs/eval/results_ci.csv
legacy_locked2000:bridge_clip_150k_mlp_ep3_scene_graph::exact,legacy_raw_prompt_no_eos,legacy_locked2000:bridge_clip_150k_mlp_ep3_scene_graph,eval_2000_qids,exact,bridge + scene_graph,bridge (baseline),2000,64.0,61.9,66.1,95,question,10000,true,outputs/eval/results_ci.csv
legacy_locked2000:bridge_clip_150k_mlp_ep3_scene_graph::vqa_soft,legacy_raw_prompt_no_eos,legacy_locked2000:bridge_clip_150k_mlp_ep3_scene_graph,eval_2000_qids,vqa_soft,bridge + scene_graph,bridge (baseline),2000,16.2,13.9,18.5,95,question,10000,true,outputs/eval/results_ci.csv
legacy_locked2000:bridge_clip_150k_mlp_ep3_scene_graph_predq::exact,legacy_raw_prompt_no_eos,legacy_locked2000:bridge_clip_150k_mlp_ep3_scene_graph_predq,eval_2000_qids,exact,bridge + scene_graph_predq,bridge (baseline),2000,46.5,44.2,48.7,95,question,10000,true,outputs/eval/results_ci.csv
legacy_locked2000:bridge_clip_150k_mlp_ep3_scene_graph_predq::vqa_soft,legacy_raw_prompt_no_eos,legacy_locked2000:bridge_clip_150k_mlp_ep3_scene_graph_predq,eval_2000_qids,vqa_soft,bridge + scene_graph_predq,bridge (baseline),2000,-5.5,-7.6,-3.4,95,question,10000,true,outputs/eval/results_ci.csv
legacy_locked2000:bridge_clip_150k_nocls_ep1::exact,legacy_raw_prompt_no_eos,legacy_locked2000:bridge_clip_150k_nocls_ep1,eval_2000_qids,exact,bridge (vision),text-only floor,2000,-14.3,-16.2,-12.4,95,question,10000,true,outputs/eval/results_ci.csv
legacy_locked2000:bridge_clip_150k_nocls_ep1::vqa_soft,legacy_raw_prompt_no_eos,legacy_locked2000:bridge_clip_150k_nocls_ep1,eval_2000_qids,vqa_soft,bridge (vision),text-only floor,2000,12.7,10.1,15.2,95,question,10000,true,outputs/eval/results_ci.csv
legacy_locked2000:bridge_clip_150k_nocls_ep2::exact,legacy_raw_prompt_no_eos,legacy_locked2000:bridge_clip_150k_nocls_ep2,eval_2000_qids,exact,bridge (vision),text-only floor,2000,-12.8,-14.7,-10.8,95,question,10000,true,outputs/eval/results_ci.csv
legacy_locked2000:bridge_clip_150k_nocls_ep2::vqa_soft,legacy_raw_prompt_no_eos,legacy_locked2000:bridge_clip_150k_nocls_ep2,eval_2000_qids,vqa_soft,bridge (vision),text-only floor,2000,14.2,11.6,16.8,95,question,10000,true,outputs/eval/results_ci.csv
legacy_locked2000:bridge_clip_150k_nocls_ep3::exact,legacy_raw_prompt_no_eos,legacy_locked2000:bridge_clip_150k_nocls_ep3,eval_2000_qids,exact,bridge (vision),text-only floor,2000,-11.2,-13.2,-9.2,95,question,10000,true,outputs/eval/results_ci.csv
legacy_locked2000:bridge_clip_150k_nocls_ep3::vqa_soft,legacy_raw_prompt_no_eos,legacy_locked2000:bridge_clip_150k_nocls_ep3,eval_2000_qids,vqa_soft,bridge (vision),text-only floor,2000,15.3,12.6,18.0,95,question,10000,true,outputs/eval/results_ci.csv
legacy_locked2000:bridge_clip_150k_pool_ep1::exact,legacy_raw_prompt_no_eos,legacy_locked2000:bridge_clip_150k_pool_ep1,eval_2000_qids,exact,bridge (vision),text-only floor,2000,-19.2,-21.0,-17.5,95,question,10000,true,outputs/eval/results_ci.csv
legacy_locked2000:bridge_clip_150k_pool_ep1::vqa_soft,legacy_raw_prompt_no_eos,legacy_locked2000:bridge_clip_150k_pool_ep1,eval_2000_qids,vqa_soft,bridge (vision),text-only floor,2000,13.9,11.3,16.6,95,question,10000,true,outputs/eval/results_ci.csv
legacy_locked2000:bridge_clip_150k_pool_ep2::exact,legacy_raw_prompt_no_eos,legacy_locked2000:bridge_clip_150k_pool_ep2,eval_2000_qids,exact,bridge (vision),text-only floor,2000,-14.2,-16.2,-12.4,95,question,10000,true,outputs/eval/results_ci.csv
legacy_locked2000:bridge_clip_150k_pool_ep2::vqa_soft,legacy_raw_prompt_no_eos,legacy_locked2000:bridge_clip_150k_pool_ep2,eval_2000_qids,vqa_soft,bridge (vision),text-only floor,2000,19.2,16.5,21.9,95,question,10000,true,outputs/eval/results_ci.csv
legacy_locked2000:bridge_clip_150k_pool_ep3::exact,legacy_raw_prompt_no_eos,legacy_locked2000:bridge_clip_150k_pool_ep3,eval_2000_qids,exact,bridge (vision),text-only floor,2000,-16.2,-18.0,-14.4,95,question,10000,true,outputs/eval/results_ci.csv
legacy_locked2000:bridge_clip_150k_pool_ep3::vqa_soft,legacy_raw_prompt_no_eos,legacy_locked2000:bridge_clip_150k_pool_ep3,eval_2000_qids,vqa_soft,bridge (vision),text-only floor,2000,20.6,18.0,23.3,95,question,10000,true,outputs/eval/results_ci.csv
legacy_locked2000:bridge_clip_500k_ep1::exact,legacy_raw_prompt_no_eos,legacy_locked2000:bridge_clip_500k_ep1,eval_2000_qids,exact,bridge (vision),text-only floor,2000,-14.1,-16.0,-12.2,95,question,10000,true,outputs/eval/results_ci.csv
legacy_locked2000:bridge_clip_500k_ep1::vqa_soft,legacy_raw_prompt_no_eos,legacy_locked2000:bridge_clip_500k_ep1,eval_2000_qids,vqa_soft,bridge (vision),text-only floor,2000,7.2,4.4,10.0,95,question,10000,true,outputs/eval/results_ci.csv
legacy_locked2000:bridge_clip_500k_ep2::exact,legacy_raw_prompt_no_eos,legacy_locked2000:bridge_clip_500k_ep2,eval_2000_qids,exact,bridge (vision),text-only floor,2000,-14.7,-16.5,-12.8,95,question,10000,true,outputs/eval/results_ci.csv
legacy_locked2000:bridge_clip_500k_ep2::vqa_soft,legacy_raw_prompt_no_eos,legacy_locked2000:bridge_clip_500k_ep2,eval_2000_qids,vqa_soft,bridge (vision),text-only floor,2000,18.4,15.6,21.1,95,question,10000,true,outputs/eval/results_ci.csv
legacy_locked2000:bridge_clip_500k_ep3::exact,legacy_raw_prompt_no_eos,legacy_locked2000:bridge_clip_500k_ep3,eval_2000_qids,exact,bridge (vision),text-only floor,2000,-14.2,-16.1,-12.2,95,question,10000,true,outputs/eval/results_ci.csv
legacy_locked2000:bridge_clip_500k_ep3::vqa_soft,legacy_raw_prompt_no_eos,legacy_locked2000:bridge_clip_500k_ep3,eval_2000_qids,vqa_soft,bridge (vision),text-only floor,2000,18.1,15.4,20.8,95,question,10000,true,outputs/eval/results_ci.csv
legacy_locked2000:bridge_clip_500k_ep3_scene_graph::exact,legacy_raw_prompt_no_eos,legacy_locked2000:bridge_clip_500k_ep3_scene_graph,eval_2000_qids,exact,bridge + scene_graph,bridge (baseline),2000,37.5,35.2,39.7,95,question,10000,true,outputs/eval/results_ci.csv
legacy_locked2000:bridge_clip_500k_ep3_scene_graph::vqa_soft,legacy_raw_prompt_no_eos,legacy_locked2000:bridge_clip_500k_ep3_scene_graph,eval_2000_qids,vqa_soft,bridge + scene_graph,bridge (baseline),2000,23.4,21.1,25.9,95,question,10000,true,outputs/eval/results_ci.csv
legacy_locked2000:bridge_clip_500k_ep3_scene_graph_pred::exact,legacy_raw_prompt_no_eos,legacy_locked2000:bridge_clip_500k_ep3_scene_graph_pred,eval_2000_qids,exact,bridge + scene_graph_pred,bridge (baseline),2000,8.6,6.9,10.3,95,question,10000,true,outputs/eval/results_ci.csv
legacy_locked2000:bridge_clip_500k_ep3_scene_graph_pred::vqa_soft,legacy_raw_prompt_no_eos,legacy_locked2000:bridge_clip_500k_ep3_scene_graph_pred,eval_2000_qids,vqa_soft,bridge + scene_graph_pred,bridge (baseline),2000,-7.1,-9.6,-4.6,95,question,10000,true,outputs/eval/results_ci.csv
legacy_locked2000:bridge_clip_500k_ep3_scene_graph_predq::exact,legacy_raw_prompt_no_eos,legacy_locked2000:bridge_clip_500k_ep3_scene_graph_predq,eval_2000_qids,exact,bridge + scene_graph_predq,bridge (baseline),2000,0.8,-0.6,2.2,95,question,10000,false,outputs/eval/results_ci.csv
legacy_locked2000:bridge_clip_500k_ep3_scene_graph_predq::vqa_soft,legacy_raw_prompt_no_eos,legacy_locked2000:bridge_clip_500k_ep3_scene_graph_predq,eval_2000_qids,vqa_soft,bridge + scene_graph_predq,bridge (baseline),2000,-4.7,-7.1,-2.3,95,question,10000,true,outputs/eval/results_ci.csv
legacy_locked2000:bridge_ijepa_150k::exact,legacy_raw_prompt_no_eos,legacy_locked2000:bridge_ijepa_150k,eval_2000_qids,exact,bridge (vision),text-only floor,2000,-11.2,-13.2,-9.2,95,question,10000,true,outputs/eval/results_ci.csv
legacy_locked2000:bridge_ijepa_150k::vqa_soft,legacy_raw_prompt_no_eos,legacy_locked2000:bridge_ijepa_150k,eval_2000_qids,vqa_soft,bridge (vision),text-only floor,2000,9.4,6.8,12.0,95,question,10000,true,outputs/eval/results_ci.csv
legacy_locked2000:bridge_ijepa_150k_3ep::exact,legacy_raw_prompt_no_eos,legacy_locked2000:bridge_ijepa_150k_3ep,eval_2000_qids,exact,bridge (vision),text-only floor,2000,3.9,1.7,6.1,95,question,10000,true,outputs/eval/results_ci.csv
legacy_locked2000:bridge_ijepa_150k_3ep::vqa_soft,legacy_raw_prompt_no_eos,legacy_locked2000:bridge_ijepa_150k_3ep,eval_2000_qids,vqa_soft,bridge (vision),text-only floor,2000,8.8,6.2,11.4,95,question,10000,true,outputs/eval/results_ci.csv
legacy_locked2000:bridge_ijepa_150k_3ep_cot::exact,legacy_raw_prompt_no_eos,legacy_locked2000:bridge_ijepa_150k_3ep_cot,eval_2000_qids,exact,bridge + cot,bridge (baseline),2000,-2.1,-4.2,-0.1,95,question,10000,true,outputs/eval/results_ci.csv
legacy_locked2000:bridge_ijepa_150k_3ep_cot::vqa_soft,legacy_raw_prompt_no_eos,legacy_locked2000:bridge_ijepa_150k_3ep_cot,eval_2000_qids,vqa_soft,bridge + cot,bridge (baseline),2000,-6.8,-8.8,-4.7,95,question,10000,true,outputs/eval/results_ci.csv
legacy_locked2000:bridge_ijepa_150k_3ep_scene_graph::exact,legacy_raw_prompt_no_eos,legacy_locked2000:bridge_ijepa_150k_3ep_scene_graph,eval_2000_qids,exact,bridge + scene_graph,bridge (baseline),2000,37.4,35.0,39.7,95,question,10000,true,outputs/eval/results_ci.csv
legacy_locked2000:bridge_ijepa_150k_3ep_scene_graph::vqa_soft,legacy_raw_prompt_no_eos,legacy_locked2000:bridge_ijepa_150k_3ep_scene_graph,eval_2000_qids,vqa_soft,bridge + scene_graph,bridge (baseline),2000,31.2,28.7,33.8,95,question,10000,true,outputs/eval/results_ci.csv
legacy_locked2000:bridge_ijepa_150k_cosine_ep1::exact,legacy_raw_prompt_no_eos,legacy_locked2000:bridge_ijepa_150k_cosine_ep1,eval_2000_qids,exact,bridge (vision),text-only floor,2000,-5.0,-7.0,-2.9,95,question,10000,true,outputs/eval/results_ci.csv
legacy_locked2000:bridge_ijepa_150k_cosine_ep1::vqa_soft,legacy_raw_prompt_no_eos,legacy_locked2000:bridge_ijepa_150k_cosine_ep1,eval_2000_qids,vqa_soft,bridge (vision),text-only floor,2000,8.2,5.5,10.8,95,question,10000,true,outputs/eval/results_ci.csv
legacy_locked2000:bridge_ijepa_150k_cosine_ep2::exact,legacy_raw_prompt_no_eos,legacy_locked2000:bridge_ijepa_150k_cosine_ep2,eval_2000_qids,exact,bridge (vision),text-only floor,2000,3.0,0.8,5.2,95,question,10000,true,outputs/eval/results_ci.csv
legacy_locked2000:bridge_ijepa_150k_cosine_ep2::vqa_soft,legacy_raw_prompt_no_eos,legacy_locked2000:bridge_ijepa_150k_cosine_ep2,eval_2000_qids,vqa_soft,bridge (vision),text-only floor,2000,11.9,9.2,14.6,95,question,10000,true,outputs/eval/results_ci.csv
legacy_locked2000:bridge_ijepa_150k_cosine_ep3::exact,legacy_raw_prompt_no_eos,legacy_locked2000:bridge_ijepa_150k_cosine_ep3,eval_2000_qids,exact,bridge (vision),text-only floor,2000,2.2,0.0,4.4,95,question,10000,false,outputs/eval/results_ci.csv
legacy_locked2000:bridge_ijepa_150k_cosine_ep3::vqa_soft,legacy_raw_prompt_no_eos,legacy_locked2000:bridge_ijepa_150k_cosine_ep3,eval_2000_qids,vqa_soft,bridge (vision),text-only floor,2000,13.7,11.0,16.4,95,question,10000,true,outputs/eval/results_ci.csv
legacy_locked2000:bridge_ijepa_150k_mlp_ep1::exact,legacy_raw_prompt_no_eos,legacy_locked2000:bridge_ijepa_150k_mlp_ep1,eval_2000_qids,exact,bridge (vision),text-only floor,2000,-2.7,-4.8,-0.6,95,question,10000,true,outputs/eval/results_ci.csv
legacy_locked2000:bridge_ijepa_150k_mlp_ep1::vqa_soft,legacy_raw_prompt_no_eos,legacy_locked2000:bridge_ijepa_150k_mlp_ep1,eval_2000_qids,vqa_soft,bridge (vision),text-only floor,2000,8.9,6.3,11.6,95,question,10000,true,outputs/eval/results_ci.csv
legacy_locked2000:bridge_ijepa_150k_mlp_ep2::exact,legacy_raw_prompt_no_eos,legacy_locked2000:bridge_ijepa_150k_mlp_ep2,eval_2000_qids,exact,bridge (vision),text-only floor,2000,-4.5,-6.5,-2.5,95,question,10000,true,outputs/eval/results_ci.csv
legacy_locked2000:bridge_ijepa_150k_mlp_ep2::vqa_soft,legacy_raw_prompt_no_eos,legacy_locked2000:bridge_ijepa_150k_mlp_ep2,eval_2000_qids,vqa_soft,bridge (vision),text-only floor,2000,16.6,14.1,19.2,95,question,10000,true,outputs/eval/results_ci.csv
legacy_locked2000:bridge_ijepa_150k_mlp_ep3::exact,legacy_raw_prompt_no_eos,legacy_locked2000:bridge_ijepa_150k_mlp_ep3,eval_2000_qids,exact,bridge (vision),text-only floor,2000,-19.2,-21.0,-17.5,95,question,10000,true,outputs/eval/results_ci.csv
legacy_locked2000:bridge_ijepa_150k_mlp_ep3::vqa_soft,legacy_raw_prompt_no_eos,legacy_locked2000:bridge_ijepa_150k_mlp_ep3,eval_2000_qids,vqa_soft,bridge (vision),text-only floor,2000,22.8,20.1,25.4,95,question,10000,true,outputs/eval/results_ci.csv
legacy_locked2000:bridge_ijepa_150k_mlp_ep3_cot::exact,legacy_raw_prompt_no_eos,legacy_locked2000:bridge_ijepa_150k_mlp_ep3_cot,eval_2000_qids,exact,bridge + cot,bridge (baseline),2000,7.2,6.1,8.4,95,question,10000,true,outputs/eval/results_ci.csv
legacy_locked2000:bridge_ijepa_150k_mlp_ep3_cot::vqa_soft,legacy_raw_prompt_no_eos,legacy_locked2000:bridge_ijepa_150k_mlp_ep3_cot,eval_2000_qids,vqa_soft,bridge + cot,bridge (baseline),2000,-11.2,-13.2,-9.1,95,question,10000,true,outputs/eval/results_ci.csv
legacy_locked2000:bridge_ijepa_150k_mlp_ep3_scene_graph::exact,legacy_raw_prompt_no_eos,legacy_locked2000:bridge_ijepa_150k_mlp_ep3_scene_graph,eval_2000_qids,exact,bridge + scene_graph,bridge (baseline),2000,20.1,18.4,21.9,95,question,10000,true,outputs/eval/results_ci.csv
legacy_locked2000:bridge_ijepa_150k_mlp_ep3_scene_graph::vqa_soft,legacy_raw_prompt_no_eos,legacy_locked2000:bridge_ijepa_150k_mlp_ep3_scene_graph,eval_2000_qids,vqa_soft,bridge + scene_graph,bridge (baseline),2000,17.9,15.5,20.3,95,question,10000,true,outputs/eval/results_ci.csv
legacy_locked2000:bridge_ijepa_150k_mlp_ep3_scene_graph_predq::exact,legacy_raw_prompt_no_eos,legacy_locked2000:bridge_ijepa_150k_mlp_ep3_scene_graph_predq,eval_2000_qids,exact,bridge + scene_graph_predq,bridge (baseline),2000,6.1,5.1,7.2,95,question,10000,true,outputs/eval/results_ci.csv
legacy_locked2000:bridge_ijepa_150k_mlp_ep3_scene_graph_predq::vqa_soft,legacy_raw_prompt_no_eos,legacy_locked2000:bridge_ijepa_150k_mlp_ep3_scene_graph_predq,eval_2000_qids,vqa_soft,bridge + scene_graph_predq,bridge (baseline),2000,-0.8,-2.8,1.2,95,question,10000,false,outputs/eval/results_ci.csv
legacy_locked2000:bridge_ijepa_150k_pool_ep1::exact,legacy_raw_prompt_no_eos,legacy_locked2000:bridge_ijepa_150k_pool_ep1,eval_2000_qids,exact,bridge (vision),text-only floor,2000,-10.8,-12.9,-8.8,95,question,10000,true,outputs/eval/results_ci.csv
legacy_locked2000:bridge_ijepa_150k_pool_ep1::vqa_soft,legacy_raw_prompt_no_eos,legacy_locked2000:bridge_ijepa_150k_pool_ep1,eval_2000_qids,vqa_soft,bridge (vision),text-only floor,2000,12.2,9.7,14.6,95,question,10000,true,outputs/eval/results_ci.csv
legacy_locked2000:bridge_ijepa_150k_pool_ep2::exact,legacy_raw_prompt_no_eos,legacy_locked2000:bridge_ijepa_150k_pool_ep2,eval_2000_qids,exact,bridge (vision),text-only floor,2000,-17.4,-19.3,-15.7,95,question,10000,true,outputs/eval/results_ci.csv
legacy_locked2000:bridge_ijepa_150k_pool_ep2::vqa_soft,legacy_raw_prompt_no_eos,legacy_locked2000:bridge_ijepa_150k_pool_ep2,eval_2000_qids,vqa_soft,bridge (vision),text-only floor,2000,17.3,14.6,20.0,95,question,10000,true,outputs/eval/results_ci.csv
legacy_locked2000:bridge_ijepa_150k_pool_ep3::exact,legacy_raw_prompt_no_eos,legacy_locked2000:bridge_ijepa_150k_pool_ep3,eval_2000_qids,exact,bridge (vision),text-only floor,2000,-16.4,-18.2,-14.6,95,question,10000,true,outputs/eval/results_ci.csv
legacy_locked2000:bridge_ijepa_150k_pool_ep3::vqa_soft,legacy_raw_prompt_no_eos,legacy_locked2000:bridge_ijepa_150k_pool_ep3,eval_2000_qids,vqa_soft,bridge (vision),text-only floor,2000,19.4,16.7,22.2,95,question,10000,true,outputs/eval/results_ci.csv
legacy_locked2000:bridge_ijepa_150k_shuf_ep1::exact,legacy_raw_prompt_no_eos,legacy_locked2000:bridge_ijepa_150k_shuf_ep1,eval_2000_qids,exact,bridge (vision),text-only floor,2000,2.9,0.6,5.1,95,question,10000,true,outputs/eval/results_ci.csv
legacy_locked2000:bridge_ijepa_150k_shuf_ep1::vqa_soft,legacy_raw_prompt_no_eos,legacy_locked2000:bridge_ijepa_150k_shuf_ep1,eval_2000_qids,vqa_soft,bridge (vision),text-only floor,2000,5.4,2.8,7.9,95,question,10000,true,outputs/eval/results_ci.csv
legacy_locked2000:bridge_ijepa_150k_shuf_ep2::exact,legacy_raw_prompt_no_eos,legacy_locked2000:bridge_ijepa_150k_shuf_ep2,eval_2000_qids,exact,bridge (vision),text-only floor,2000,8.9,6.7,11.2,95,question,10000,true,outputs/eval/results_ci.csv
legacy_locked2000:bridge_ijepa_150k_shuf_ep2::vqa_soft,legacy_raw_prompt_no_eos,legacy_locked2000:bridge_ijepa_150k_shuf_ep2,eval_2000_qids,vqa_soft,bridge (vision),text-only floor,2000,7.7,5.1,10.2,95,question,10000,true,outputs/eval/results_ci.csv
legacy_locked2000:bridge_ijepa_150k_shuf_ep3::exact,legacy_raw_prompt_no_eos,legacy_locked2000:bridge_ijepa_150k_shuf_ep3,eval_2000_qids,exact,bridge (vision),text-only floor,2000,6.4,4.2,8.5,95,question,10000,true,outputs/eval/results_ci.csv
legacy_locked2000:bridge_ijepa_150k_shuf_ep3::vqa_soft,legacy_raw_prompt_no_eos,legacy_locked2000:bridge_ijepa_150k_shuf_ep3,eval_2000_qids,vqa_soft,bridge (vision),text-only floor,2000,8.2,5.6,10.7,95,question,10000,true,outputs/eval/results_ci.csv
legacy_locked2000:bridge_ijepa_500k_ep1::exact,legacy_raw_prompt_no_eos,legacy_locked2000:bridge_ijepa_500k_ep1,eval_2000_qids,exact,bridge (vision),text-only floor,2000,3.7,1.4,6.0,95,question,10000,true,outputs/eval/results_ci.csv
legacy_locked2000:bridge_ijepa_500k_ep1::vqa_soft,legacy_raw_prompt_no_eos,legacy_locked2000:bridge_ijepa_500k_ep1,eval_2000_qids,vqa_soft,bridge (vision),text-only floor,2000,7.8,5.1,10.4,95,question,10000,true,outputs/eval/results_ci.csv
legacy_locked2000:bridge_ijepa_500k_ep2::exact,legacy_raw_prompt_no_eos,legacy_locked2000:bridge_ijepa_500k_ep2,eval_2000_qids,exact,bridge (vision),text-only floor,2000,-5.0,-7.0,-3.1,95,question,10000,true,outputs/eval/results_ci.csv
legacy_locked2000:bridge_ijepa_500k_ep2::vqa_soft,legacy_raw_prompt_no_eos,legacy_locked2000:bridge_ijepa_500k_ep2,eval_2000_qids,vqa_soft,bridge (vision),text-only floor,2000,8.5,5.9,11.1,95,question,10000,true,outputs/eval/results_ci.csv
legacy_locked2000:bridge_ijepa_500k_ep3::exact,legacy_raw_prompt_no_eos,legacy_locked2000:bridge_ijepa_500k_ep3,eval_2000_qids,exact,bridge (vision),text-only floor,2000,1.6,-0.6,3.7,95,question,10000,false,outputs/eval/results_ci.csv
legacy_locked2000:bridge_ijepa_500k_ep3::vqa_soft,legacy_raw_prompt_no_eos,legacy_locked2000:bridge_ijepa_500k_ep3,eval_2000_qids,vqa_soft,bridge (vision),text-only floor,2000,12.2,9.5,14.9,95,question,10000,true,outputs/eval/results_ci.csv
legacy_locked2000:bridge_ijepa_500k_ep3_scene_graph::exact,legacy_raw_prompt_no_eos,legacy_locked2000:bridge_ijepa_500k_ep3_scene_graph,eval_2000_qids,exact,bridge + scene_graph,bridge (baseline),2000,26.8,24.3,29.2,95,question,10000,true,outputs/eval/results_ci.csv
legacy_locked2000:bridge_ijepa_500k_ep3_scene_graph::vqa_soft,legacy_raw_prompt_no_eos,legacy_locked2000:bridge_ijepa_500k_ep3_scene_graph,eval_2000_qids,vqa_soft,bridge + scene_graph,bridge (baseline),2000,31.2,28.6,33.8,95,question,10000,true,outputs/eval/results_ci.csv
legacy_locked2000:bridge_ijepa_500k_ep3_scene_graph_pred::exact,legacy_raw_prompt_no_eos,legacy_locked2000:bridge_ijepa_500k_ep3_scene_graph_pred,eval_2000_qids,exact,bridge + scene_graph_pred,bridge (baseline),2000,6.0,3.7,8.2,95,question,10000,true,outputs/eval/results_ci.csv
legacy_locked2000:bridge_ijepa_500k_ep3_scene_graph_pred::vqa_soft,legacy_raw_prompt_no_eos,legacy_locked2000:bridge_ijepa_500k_ep3_scene_graph_pred,eval_2000_qids,vqa_soft,bridge + scene_graph_pred,bridge (baseline),2000,-2.3,-4.8,0.2,95,question,10000,false,outputs/eval/results_ci.csv
legacy_locked2000:bridge_ijepa_500k_ep3_scene_graph_predq::exact,legacy_raw_prompt_no_eos,legacy_locked2000:bridge_ijepa_500k_ep3_scene_graph_predq,eval_2000_qids,exact,bridge + scene_graph_predq,bridge (baseline),2000,15.0,12.8,17.2,95,question,10000,true,outputs/eval/results_ci.csv
legacy_locked2000:bridge_ijepa_500k_ep3_scene_graph_predq::vqa_soft,legacy_raw_prompt_no_eos,legacy_locked2000:bridge_ijepa_500k_ep3_scene_graph_predq,eval_2000_qids,vqa_soft,bridge + scene_graph_predq,bridge (baseline),2000,2.8,0.5,5.1,95,question,10000,true,outputs/eval/results_ci.csv
legacy_locked2000:bridge_ijepa_500k_ep4::exact,legacy_raw_prompt_no_eos,legacy_locked2000:bridge_ijepa_500k_ep4,eval_2000_qids,exact,bridge (vision),text-only floor,2000,-9.8,-11.6,-7.9,95,question,10000,true,outputs/eval/results_ci.csv
legacy_locked2000:bridge_ijepa_500k_ep4::vqa_soft,legacy_raw_prompt_no_eos,legacy_locked2000:bridge_ijepa_500k_ep4,eval_2000_qids,vqa_soft,bridge (vision),text-only floor,2000,11.6,9.0,14.1,95,question,10000,true,outputs/eval/results_ci.csv
legacy_locked2000:bridge_ijepa_500k_ep5::exact,legacy_raw_prompt_no_eos,legacy_locked2000:bridge_ijepa_500k_ep5,eval_2000_qids,exact,bridge (vision),text-only floor,2000,-5.9,-7.9,-4.0,95,question,10000,true,outputs/eval/results_ci.csv
legacy_locked2000:bridge_ijepa_500k_ep5::vqa_soft,legacy_raw_prompt_no_eos,legacy_locked2000:bridge_ijepa_500k_ep5,eval_2000_qids,vqa_soft,bridge (vision),text-only floor,2000,11.2,8.5,13.9,95,question,10000,true,outputs/eval/results_ci.csv
legacy_locked2000:bridge_ijepa_500k_ep6::exact,legacy_raw_prompt_no_eos,legacy_locked2000:bridge_ijepa_500k_ep6,eval_2000_qids,exact,bridge (vision),text-only floor,2000,-6.7,-8.7,-4.8,95,question,10000,true,outputs/eval/results_ci.csv
legacy_locked2000:bridge_ijepa_500k_ep6::vqa_soft,legacy_raw_prompt_no_eos,legacy_locked2000:bridge_ijepa_500k_ep6,eval_2000_qids,vqa_soft,bridge (vision),text-only floor,2000,12.8,10.2,15.4,95,question,10000,true,outputs/eval/results_ci.csv
legacy_locked2000:connector_mlp_vs_qformer_150k::exact,legacy_raw_prompt_no_eos,legacy_locked2000:connector_mlp_vs_qformer_150k,eval_2000_qids,exact,"bridge CLIP (MLP, 256 vision tokens)","bridge CLIP (Q-Former noCLS, 32 vision tokens)",2000,-7.5,-8.8,-6.4,95,question,10000,true,outputs/eval/results_ci.csv
legacy_locked2000:connector_mlp_vs_qformer_150k::vqa_soft,legacy_raw_prompt_no_eos,legacy_locked2000:connector_mlp_vs_qformer_150k,eval_2000_qids,vqa_soft,"bridge CLIP (MLP, 256 vision tokens)","bridge CLIP (Q-Former noCLS, 32 vision tokens)",2000,9.5,7.2,11.8,95,question,10000,true,outputs/eval/results_ci.csv
legacy_locked2000:connector_mlp_vs_qformer_150k_ijepa::exact,legacy_raw_prompt_no_eos,legacy_locked2000:connector_mlp_vs_qformer_150k_ijepa,eval_2000_qids,exact,"bridge I-JEPA (MLP, 256 vision tokens)","bridge I-JEPA (Q-Former, 32 vision tokens)",2000,-23.1,-25.0,-21.3,95,question,10000,true,outputs/eval/results_ci.csv
legacy_locked2000:connector_mlp_vs_qformer_150k_ijepa::vqa_soft,legacy_raw_prompt_no_eos,legacy_locked2000:connector_mlp_vs_qformer_150k_ijepa,eval_2000_qids,vqa_soft,"bridge I-JEPA (MLP, 256 vision tokens)","bridge I-JEPA (Q-Former, 32 vision tokens)",2000,14.0,11.6,16.3,95,question,10000,true,outputs/eval/results_ci.csv
legacy_locked2000:connector_pool_vs_qformer_150k::exact,legacy_raw_prompt_no_eos,legacy_locked2000:connector_pool_vs_qformer_150k,eval_2000_qids,exact,"bridge CLIP (pool, 32 vision tokens)","bridge CLIP (Q-Former noCLS, 32 vision tokens)",2000,-5.1,-6.4,-3.8,95,question,10000,true,outputs/eval/results_ci.csv
legacy_locked2000:connector_pool_vs_qformer_150k::vqa_soft,legacy_raw_prompt_no_eos,legacy_locked2000:connector_pool_vs_qformer_150k,eval_2000_qids,vqa_soft,"bridge CLIP (pool, 32 vision tokens)","bridge CLIP (Q-Former noCLS, 32 vision tokens)",2000,5.3,3.2,7.4,95,question,10000,true,outputs/eval/results_ci.csv
legacy_locked2000:connector_pool_vs_qformer_150k_ijepa::exact,legacy_raw_prompt_no_eos,legacy_locked2000:connector_pool_vs_qformer_150k_ijepa,eval_2000_qids,exact,"bridge I-JEPA (pool, 32 vision tokens)","bridge I-JEPA (Q-Former, 32 vision tokens)",2000,-20.3,-22.2,-18.4,95,question,10000,true,outputs/eval/results_ci.csv
legacy_locked2000:connector_pool_vs_qformer_150k_ijepa::vqa_soft,legacy_raw_prompt_no_eos,legacy_locked2000:connector_pool_vs_qformer_150k_ijepa,eval_2000_qids,vqa_soft,"bridge I-JEPA (pool, 32 vision tokens)","bridge I-JEPA (Q-Former, 32 vision tokens)",2000,10.7,8.5,12.8,95,question,10000,true,outputs/eval/results_ci.csv
legacy_locked2000:lr_cosine_vs_flat_150k_clip::exact,legacy_raw_prompt_no_eos,legacy_locked2000:lr_cosine_vs_flat_150k_clip,eval_2000_qids,exact,bridge CLIP (cosine lr),"bridge CLIP (flat lr, locked)",2000,-6.9,-8.6,-5.2,95,question,10000,true,outputs/eval/results_ci.csv
legacy_locked2000:lr_cosine_vs_flat_150k_clip::vqa_soft,legacy_raw_prompt_no_eos,legacy_locked2000:lr_cosine_vs_flat_150k_clip,eval_2000_qids,vqa_soft,bridge CLIP (cosine lr),"bridge CLIP (flat lr, locked)",2000,1.1,-0.8,3.1,95,question,10000,false,outputs/eval/results_ci.csv
legacy_locked2000:lr_cosine_vs_flat_150k_ijepa::exact,legacy_raw_prompt_no_eos,legacy_locked2000:lr_cosine_vs_flat_150k_ijepa,eval_2000_qids,exact,bridge I-JEPA (cosine lr),"bridge I-JEPA (flat lr, locked)",2000,-1.6,-3.4,0.1,95,question,10000,false,outputs/eval/results_ci.csv
legacy_locked2000:lr_cosine_vs_flat_150k_ijepa::vqa_soft,legacy_raw_prompt_no_eos,legacy_locked2000:lr_cosine_vs_flat_150k_ijepa,eval_2000_qids,vqa_soft,bridge I-JEPA (cosine lr),"bridge I-JEPA (flat lr, locked)",2000,5.0,3.0,6.9,95,question,10000,true,outputs/eval/results_ci.csv
legacy_locked2000:rq2_cls_ablation_150k::exact,legacy_raw_prompt_no_eos,legacy_locked2000:rq2_cls_ablation_150k,eval_2000_qids,exact,bridge CLIP (257 tok),bridge CLIP-noCLS (256 tok),2000,9.0,7.3,10.7,95,question,10000,true,outputs/eval/results_ci.csv
legacy_locked2000:rq2_cls_ablation_150k::vqa_soft,legacy_raw_prompt_no_eos,legacy_locked2000:rq2_cls_ablation_150k,eval_2000_qids,vqa_soft,bridge CLIP (257 tok),bridge CLIP-noCLS (256 tok),2000,0.3,-1.7,2.4,95,question,10000,false,outputs/eval/results_ci.csv
legacy_locked2000:rq2_gap_150k_3ep::exact,legacy_raw_prompt_no_eos,legacy_locked2000:rq2_gap_150k_3ep,eval_2000_qids,exact,bridge CLIP,bridge I-JEPA,2000,-6.0,-7.9,-4.2,95,question,10000,true,outputs/eval/results_ci.csv
legacy_locked2000:rq2_gap_150k_3ep::vqa_soft,legacy_raw_prompt_no_eos,legacy_locked2000:rq2_gap_150k_3ep,eval_2000_qids,vqa_soft,bridge CLIP,bridge I-JEPA,2000,6.9,4.8,9.0,95,question,10000,true,outputs/eval/results_ci.csv
legacy_locked2000:rq2_gap_150k_mlp::exact,legacy_raw_prompt_no_eos,legacy_locked2000:rq2_gap_150k_mlp,eval_2000_qids,exact,"bridge CLIP (MLP, 256 vision tokens)","bridge I-JEPA (MLP, 256 vision tokens)",2000,0.6,0.2,0.9,95,question,10000,true,outputs/eval/results_ci.csv
legacy_locked2000:rq2_gap_150k_mlp::vqa_soft,legacy_raw_prompt_no_eos,legacy_locked2000:rq2_gap_150k_mlp,eval_2000_qids,vqa_soft,"bridge CLIP (MLP, 256 vision tokens)","bridge I-JEPA (MLP, 256 vision tokens)",2000,2.0,-0.1,4.2,95,question,10000,false,outputs/eval/results_ci.csv
legacy_locked2000:rq2_gap_150k_nocls::exact,legacy_raw_prompt_no_eos,legacy_locked2000:rq2_gap_150k_nocls,eval_2000_qids,exact,bridge CLIP-noCLS,bridge I-JEPA,2000,-15.1,-16.9,-13.2,95,question,10000,true,outputs/eval/results_ci.csv
legacy_locked2000:rq2_gap_150k_nocls::vqa_soft,legacy_raw_prompt_no_eos,legacy_locked2000:rq2_gap_150k_nocls,eval_2000_qids,vqa_soft,bridge CLIP-noCLS,bridge I-JEPA,2000,6.5,4.4,8.8,95,question,10000,true,outputs/eval/results_ci.csv
legacy_locked2000:rq2_gap_150k_pool::exact,legacy_raw_prompt_no_eos,legacy_locked2000:rq2_gap_150k_pool,eval_2000_qids,exact,"bridge CLIP (pool, 32 vision tokens)","bridge I-JEPA (pool, 32 vision tokens)",2000,0.1,-0.8,1.1,95,question,10000,false,outputs/eval/results_ci.csv
legacy_locked2000:rq2_gap_150k_pool::vqa_soft,legacy_raw_prompt_no_eos,legacy_locked2000:rq2_gap_150k_pool,eval_2000_qids,vqa_soft,"bridge CLIP (pool, 32 vision tokens)","bridge I-JEPA (pool, 32 vision tokens)",2000,1.1,-1.0,3.3,95,question,10000,false,outputs/eval/results_ci.csv
legacy_locked2000:rq2_gap_500k_ep3::exact,legacy_raw_prompt_no_eos,legacy_locked2000:rq2_gap_500k_ep3,eval_2000_qids,exact,bridge CLIP,bridge I-JEPA,2000,-15.7,-17.5,-13.9,95,question,10000,true,outputs/eval/results_ci.csv
legacy_locked2000:rq2_gap_500k_ep3::vqa_soft,legacy_raw_prompt_no_eos,legacy_locked2000:rq2_gap_500k_ep3,eval_2000_qids,vqa_soft,bridge CLIP,bridge I-JEPA,2000,6.0,3.9,8.0,95,question,10000,true,outputs/eval/results_ci.csv
legacy_locked2000:shuffle_pool_vs_locked_150k_ijepa::exact,legacy_raw_prompt_no_eos,legacy_locked2000:shuffle_pool_vs_locked_150k_ijepa,eval_2000_qids,exact,bridge I-JEPA (representative LLaVA draw),bridge I-JEPA (locked file-order draw),2000,2.5,0.6,4.4,95,question,10000,true,outputs/eval/results_ci.csv
legacy_locked2000:shuffle_pool_vs_locked_150k_ijepa::vqa_soft,legacy_raw_prompt_no_eos,legacy_locked2000:shuffle_pool_vs_locked_150k_ijepa,eval_2000_qids,vqa_soft,bridge I-JEPA (representative LLaVA draw),bridge I-JEPA (locked file-order draw),2000,-0.6,-2.7,1.5,95,question,10000,false,outputs/eval/results_ci.csv
reltr_learned_sgg:reltr-no_graph::exact_full,corrected_chatml_v1_eos,reltr_learned_sgg:secondary,tune_500_reltr_clean_qids,exact_full,reltr,no_graph,485,-0.412371,-3.298969,2.474227,95,question,10000,false,outputs/eval/reltr_2291451/reltr_analysis.json
reltr_learned_sgg:reltr-reltr_wrong_image::exact_full,corrected_chatml_v1_eos,reltr_learned_sgg:primary,tune_500_reltr_clean_qids,exact_full,reltr,reltr_wrong_image,485,0,-2.268041,2.268041,95,question,10000,false,outputs/eval/reltr_2291451/reltr_analysis.json
visual_audit:mlp256:correct-mask_irrelevant::exact_full,corrected_chatml_v1_eos,visual_audit:mlp256,tune_500_qids,exact_full,correct,mask_irrelevant,268,0.746269,-2.61194,4.477612,95,question,10000,false,outputs/visual_audit/eval_2291794/visual_audit_analysis_policy.json
visual_audit:mlp256:correct-mask_relevant::exact_full,corrected_chatml_v1_eos,visual_audit:mlp256,tune_500_qids,exact_full,correct,mask_relevant,268,5.597015,0.373134,10.820896,95,question,10000,true,outputs/visual_audit/eval_2291794/visual_audit_analysis_policy.json
visual_audit:mlp256:correct-no_visual::exact_full,corrected_chatml_v1_eos,visual_audit:mlp256,tune_500_qids,exact_full,correct,no_visual,268,15.671642,8.208955,23.134328,95,question,10000,true,outputs/visual_audit/eval_2291794/visual_audit_analysis_policy.json
visual_audit:mlp256:correct-shuffled::exact_full,corrected_chatml_v1_eos,visual_audit:mlp256,tune_500_qids,exact_full,correct,shuffled,268,1.492537,-1.492537,4.477612,95,question,10000,false,outputs/visual_audit/eval_2291794/visual_audit_analysis_policy.json
visual_audit:mlp256:correct-wrong_image::exact_full,corrected_chatml_v1_eos,visual_audit:mlp256,tune_500_qids,exact_full,correct,wrong_image,268,15.671642,8.58209,22.770522,95,question,10000,true,outputs/visual_audit/eval_2291794/visual_audit_analysis_policy.json
visual_audit:mlp256:mask_relevant-mask_irrelevant::exact_full,corrected_chatml_v1_eos,visual_audit:mlp256,tune_500_qids,exact_full,mask_relevant,mask_irrelevant,268,-4.850746,-10.447761,0.373134,95,question,10000,false,outputs/visual_audit/eval_2291794/visual_audit_analysis_policy.json
visual_audit:pool32:correct-mask_irrelevant::exact_full,corrected_chatml_v1_eos,visual_audit:pool32,tune_500_qids,exact_full,correct,mask_irrelevant,268,-0.373134,-3.731343,2.985075,95,question,10000,false,outputs/visual_audit/eval_2291794/visual_audit_analysis_policy.json
visual_audit:pool32:correct-mask_relevant::exact_full,corrected_chatml_v1_eos,visual_audit:pool32,tune_500_qids,exact_full,correct,mask_relevant,268,4.477612,0.746269,8.218284,95,question,10000,true,outputs/visual_audit/eval_2291794/visual_audit_analysis_policy.json
visual_audit:pool32:correct-no_visual::exact_full,corrected_chatml_v1_eos,visual_audit:pool32,tune_500_qids,exact_full,correct,no_visual,268,10.074627,2.61194,17.537313,95,question,10000,true,outputs/visual_audit/eval_2291794/visual_audit_analysis_policy.json
visual_audit:pool32:correct-shuffled::exact_full,corrected_chatml_v1_eos,visual_audit:pool32,tune_500_qids,exact_full,correct,shuffled,268,0.746269,-3.358209,4.850746,95,question,10000,false,outputs/visual_audit/eval_2291794/visual_audit_analysis_policy.json
visual_audit:pool32:correct-wrong_image::exact_full,corrected_chatml_v1_eos,visual_audit:pool32,tune_500_qids,exact_full,correct,wrong_image,268,11.19403,4.468284,18.283582,95,question,10000,true,outputs/visual_audit/eval_2291794/visual_audit_analysis_policy.json
visual_audit:pool32:mask_relevant-mask_irrelevant::exact_full,corrected_chatml_v1_eos,visual_audit:pool32,tune_500_qids,exact_full,mask_relevant,mask_irrelevant,268,-4.850746,-9.328358,-0.373134,95,question,10000,true,outputs/visual_audit/eval_2291794/visual_audit_analysis_policy.json
visual_audit:qformer32:correct-mask_irrelevant::exact_full,corrected_chatml_v1_eos,visual_audit:qformer32,tune_500_qids,exact_full,correct,mask_irrelevant,268,0.373134,-2.985075,3.358209,95,question,10000,false,outputs/visual_audit/eval_2291794/visual_audit_analysis_policy.json
visual_audit:qformer32:correct-mask_relevant::exact_full,corrected_chatml_v1_eos,visual_audit:qformer32,tune_500_qids,exact_full,correct,mask_relevant,268,1.492537,-1.865672,4.850746,95,question,10000,false,outputs/visual_audit/eval_2291794/visual_audit_analysis_policy.json
visual_audit:qformer32:correct-no_visual::exact_full,corrected_chatml_v1_eos,visual_audit:qformer32,tune_500_qids,exact_full,correct,no_visual,268,10.447761,3.358209,17.537313,95,question,10000,true,outputs/visual_audit/eval_2291794/visual_audit_analysis_policy.json
visual_audit:qformer32:correct-shuffled::exact_full,corrected_chatml_v1_eos,visual_audit:qformer32,tune_500_qids,exact_full,correct,shuffled,268,0,0,0,95,question,10000,false,outputs/visual_audit/eval_2291794/visual_audit_analysis_policy.json
visual_audit:qformer32:correct-wrong_image::exact_full,corrected_chatml_v1_eos,visual_audit:qformer32,tune_500_qids,exact_full,correct,wrong_image,268,11.940299,5.597015,18.283582,95,question,10000,true,outputs/visual_audit/eval_2291794/visual_audit_analysis_policy.json
visual_audit:qformer32:mask_relevant-mask_irrelevant::exact_full,corrected_chatml_v1_eos,visual_audit:qformer32,tune_500_qids,exact_full,mask_relevant,mask_irrelevant,268,-1.119403,-4.477612,1.865672,95,question,10000,false,outputs/visual_audit/eval_2291794/visual_audit_analysis_policy.json
